{
    "degree_avg": 7.999692212988612,
    "degree_std": 12.893459117176365
}