{
    "degree_avg": 5.999826869806094,
    "degree_std": 10.104995745570246
}