{
    "clustering_avg": 0.0013071738003004193,
    "clustering_std": 0.006280683570372487
}