{
    "clustering_avg": 0.0007916269849204587,
    "clustering_std": 0.013300736787641586
}