{
    "degree_avg": 9.999519082794706,
    "degree_std": 15.568681779049886
}