{
    "degree_avg": 1.9999807633117883,
    "degree_std": 4.4936690197936
}