{
    "clustering_avg": 0.0010587550083249327,
    "clustering_std": 0.00826119023067708
}