{
    "clustering_avg": 0.0009755842455998647,
    "clustering_std": 0.010383279316416786
}