{
    "degree_avg": 13.999057402277623,
    "degree_std": 20.81871355137221
}