{
    "clustering_avg": 0.02807521326613525,
    "clustering_std": 0.10749071646171494
}