{
    "degree_avg": 9.40238558141979,
    "degree_std": 46.07246997309919
}