{
    "degree_avg": 8.874670514670514,
    "degree_std": 2.9749378960791404
}