{
    "clustering_avg": 8.002884942336959e-05,
    "clustering_std": 0.0018110990147138446
}