{
    "clustering_avg": 0.6409935810530225,
    "clustering_std": 0.015078776410688478
}