{
    "clustering_avg": 0.47274964415863535,
    "clustering_std": 0.12023919168128867
}