{
    "clustering_avg": 0.5536014772222067,
    "clustering_std": 0.09554252630203984
}