{
    "clustering_avg": 0.6335286925891728,
    "clustering_std": 0.033519110726172884
}