{
    "clustering_avg": 0.6242542452289682,
    "clustering_std": 0.046733541367184765
}