{
    "clustering_avg": 0.03469035256987513,
    "clustering_std": 0.12933615540754168
}