{
    "degree_avg": 9.682246133154,
    "degree_std": 54.524913645658536
}