{
    "nodes": 103968,
    "edges": 505118,
    "density": 4.673020033350249e-05,
    "weights_avg": 1.1617483439513143,
    "weights_std": 1.6144139701874196
}