{
    "nodes": 103968,
    "edges": 461912,
    "density": 8.546612988034004e-05,
    "weights_avg": 1.138593498328686,
    "weights_std": 1.6072612788407137
}